date,entry_time,exit_time,duration_minutes,status
2026-09-11,19:37:31,21:23:21,105.8,completa
2026-09-12,11:27:12,12:27:12,60.0,completa
2026-09-13,14:28:14,15:36:24,68.2,completa
2026-09-14,20:14:43,21:27:00,72.3,completa
2026-09-15,20:08:38,20:52:52,44.2,completa
2026-09-20,12:13:09,14:14:39,121.5,completa
2026-09-21,19:12:33,20:52:38,100.1,completa
2026-09-23,20:04:00,21:43:03,99.0,completa
2026-09-24,19:16:40,21:16:17,119.6,completa
2026-09-25,17:41:19,19:26:40,105.3,completa
2026-09-26,12:00:42,13:59:57,119.2,completa
2026-09-27,12:52:19,15:04:02,131.7,completa
2026-09-29,20:03:01,21:28:17,85.3,completa
2026-09-30,19:01:51,20:43:32,101.7,completa
2026-10-03,10:49:46,13:10:44,141.0,completa
2026-10-04,14:05:03,15:42:51,97.8,completa
2026-10-06,18:31:29,19:54:20,82.8,completa
2026-10-08,19:47:35,21:42:10,114.6,completa
2026-10-09,20:15:48,21:31:32,75.7,completa
